INSERT INTO BRANCH VALUES
('REC','Durgapur',8000000),
('Kolkata-Main','Kolkata',6000000),
('SaltLake','Kolkata',5000000),
('CityCenter','Durgapur',3000000),
('Delhi-Main','Delhi',9000000);

INSERT INTO CUSTOMER VALUES
('Amit Kumar Das','MG Road','Durgapur'),
('Rajesh Kumar Singh','Bidhannagar','Kolkata'),
('Pooja Verma','City Center','Durgapur'),
('Sunita Sharma','Nehru Road','Delhi'),
('Rakesh Kumar Gupta','Park Street','Kolkata'),
('Neha Agarwal','Gandhi Road','Durgapur'),
('Anil Kumar Roy','Sector 2','Kolkata'),
('Vikram Singh','Salt Lake','Kolkata'),
('Kiran Kumar Das','Station Road','Durgapur'),
('Deepak Kumar Pal','College Road','Durgapur'),
('Rahul Sen','Lake Town','Kolkata'),
('Sonia Roy','Sector 5','Kolkata'),
('Arjun Mehta','Connaught Place','Delhi'),
('Ritu Sharma','Karol Bagh','Delhi'),
('Manoj Kumar','Benachity','Durgapur'),
('Priya Kapoor','Salt Lake','Kolkata'),
('Sanjay Kumar','Muchipara','Durgapur'),
('Nisha Das','Dum Dum','Kolkata');


INSERT INTO ACCOUNT VALUES
('A101','REC',150000),
('A102','REC',80000),
('A105','REC',200000),
('A103','Kolkata-Main',120000),
('A104','SaltLake',50000),
('A106','CityCenter',70000),
('A107','SaltLake',90000),
('A108','Kolkata-Main',110000),
('A109','REC',60000),
('A110','REC',175000),
('A111','Kolkata-Main',95000),
('A112','SaltLake',45000),
('A113','Delhi-Main',210000),
('A114','Delhi-Main',87000),
('A115','CityCenter',99000),
('A116','SaltLake',125000),
('A117','REC',72000),
('A118','Kolkata-Main',134000);


INSERT INTO LOAN VALUES
('L201','REC',500000),
('L203','REC',200000),
('L202','Kolkata-Main',300000),
('L204','SaltLake',400000),
('L205','CityCenter',150000),
('L206','REC',350000),
('L207','SaltLake',220000),
('L208','Delhi-Main',500000),
('L209','SaltLake',310000),
('L210','Kolkata-Main',275000);


INSERT INTO DEPOSITOR VALUES
('Amit Kumar Das','A101'),
('Rajesh Kumar Singh','A102'),
('Pooja Verma','A105'),
('Sunita Sharma','A103'),
('Rakesh Kumar Gupta','A104'),
('Amit Kumar Das','A106'),
('Neha Agarwal','A107'),
('Anil Kumar Roy','A108'),
('Kiran Kumar Das','A109'),
('Deepak Kumar Pal','A110'),
('Rahul Sen','A111'),
('Sonia Roy','A112'),
('Arjun Mehta','A113'),
('Ritu Sharma','A114'),
('Manoj Kumar','A115'),
('Priya Kapoor','A116'),
('Sanjay Kumar','A117'),
('Nisha Das','A118');


INSERT INTO BORROWER VALUES
('Amit Kumar Das','L201'),
('Rajesh Kumar Singh','L203'),
('Sunita Sharma','L202'),
('Rakesh Kumar Gupta','L204'),
('Rakesh Kumar Gupta','L205'),
('Deepak Kumar Pal','L206'),
('Sonia Roy','L207'),
('Arjun Mehta','L208'),
('Priya Kapoor','L209'),
('Nisha Das','L210');






--Q1
SELECT `BORROWER`.`CUSTOMER_NAME`,LOAN.`LOAN_NUMBER`,LOAN.`AMOUNT` FROM `BORROWER` JOIN `LOAN` ON `BORROWER`.`LOAN_NUMBER`=LOAN.`LOAN_NUMBER` WHERE LOAN.`BRANCH_NAME`='REC';

--Q2

SELECT `BORROWER`.`CUSTOMER_NAME`,LOAN.`LOAN_NUMBER` AS LOAN_ID,LOAN.`AMOUNT` FROM `BORROWER` JOIN `LOAN` ON `BORROWER`.`LOAN_NUMBER`=LOAN.`LOAN_NUMBER` ;

--Q3

SELECT B.CUSTOMER_NAME,
       L.LOAN_NUMBER,
       L.AMOUNT
FROM BORROWER B
JOIN LOAN L
ON B.LOAN_NUMBER = L.LOAN_NUMBER;

--Q4

SELECT `BRANCH_NAME` FROM BRANCH WHERE `ASSETS`>SOME (SELECT `ASSETS` FROM BRANCH WHERE `BRANCH_CITY`='DURGAPUR');

--Q5

SELECT `CUSTOMER_NAME` FROM `CUSTOMER` WHERE LOWER(`CUSTOMER_NAME`) LIKE '%kumar%';

--Q6

SELECT CUSTOMER_NAME FROM `BORROWER` JOIN LOAN ON `BORROWER`.`LOAN_NUMBER`=LOAN.`LOAN_NUMBER` WHERE LOAN.`BRANCH_NAME`='REC';


--Q7

SELECT * FROM `ACCOUNT` ORDER BY `BALANCE` DESC ,`ACCOUNT_NUMBER` ASC;

--Q8 
SELECT CUSTOMER_NAME FROM `DEPOSITOR` UNION SELECT `CUSTOMER_NAME` FROM BORROWER;


--Q9

SELECT DISTINCT `DEPOSITOR`.`CUSTOMER_NAME` FROM `DEPOSITOR` JOIN `BORROWER` ON `DEPOSITOR`.`CUSTOMER_NAME`=`BORROWER`.`CUSTOMER_NAME`;

--Q10
SELECT DISTINCT CUSTOMER_NAME FROM `DEPOSITOR` WHERE `CUSTOMER_NAME` NOT IN(
    SELECT `CUSTOMER_NAME` FROM `BORROWER`
)

--Q11
SELECT AVG(BALANCE) FROM `ACCOUNT` WHERE `BRANCH_NAME` = 'REC';

--Q12
SELECT COUNT(*) AS DEPOSITOR_NO FROM `DEPOSITOR`;

--q13
SELECT `BRANCH_NAME`, COUNT(`ACCOUNT_NUMBER`) AS NO_OF_ACC FROM ACCOUNT GROUP BY `BRANCH_NAME`;

--Q14
SELECT `BRANCH_NAME` FROM `ACCOUNT` GROUP BY `BRANCH_NAME` HAVING AVG(`BALANCE`)>12000;

--Q15

SELECT `BORROWER`.`CUSTOMER_NAME`,`BORROWER`.`LOAN_NUMBER` FROM `BORROWER` JOIN `LOAN` ON `BORROWER`.`LOAN_NUMBER`=LOAN.`LOAN_NUMBER`;

--Q16

SELECT `BORROWER`.`CUSTOMER_NAME`,`BORROWER`.`LOAN_NUMBER`,LOAN.`AMOUNT` FROM `BORROWER` JOIN `LOAN` ON `BORROWER`.`LOAN_NUMBER`=LOAN.`LOAN_NUMBER` WHERE `BRANCH_NAME`='REC';

--Q17
SELECT `CUSTOMER_NAME` FROM `DEPOSITOR`
UNION
SELECT `CUSTOMER_NAME` FROM `BORROWER`;

--Q18
SELECT `CUSTOMER_NAME` FROM `BORROWER` WHERE `CUSTOMER_NAME` NOT IN (
    SELECT `CUSTOMER_NAME` FROM `DEPOSITOR`
);


--Q19
SELECT DISTINCT `CUSTOMER_NAME` FROM `BORROWER` NATURAL JOIN `DEPOSITOR`;


--Q20

SELECT BRANCH_NAME FROM `BRANCH` WHERE `ASSETS`>SOME(SELECT `ASSETS` FROM `BRANCH` WHERE `BRANCH_CITY`='KOLKATA');

--Q21

SELECT BRANCH_NAME FROM `BRANCH` WHERE `ASSETS`>ALL(SELECT `ASSETS` FROM `BRANCH` WHERE `BRANCH_CITY`='KOLKATA');

--Q22
SELECT CUSTOMER_NAME FROM `DEPOSITOR` WHERE `ACCOUNT_NUMBER` IN(
SELECT ACCOUNT_NUMBER FROM ACCOUNT WHERE `BRANCH_NAME` IN(
SELECT `BRANCH_NAME` FROM `BRANCH` WHERE `BRANCH_CITY`='KOLKATA')
);

--Q23

SELECT `CUSTOMER_NAME` FROM `DEPOSITOR` NATURAL JOIN `ACCOUNT` WHERE `BRANCH_NAME`='REC' GROUP BY `CUSTOMER_NAME` HAVING COUNT(`ACCOUNT_NUMBER`)<=1;


--Q24

SELECT COUNT(`ACCOUNT_NUMBER`),`CUSTOMER_NAME` FROM `DEPOSITOR` NATURAL JOIN `ACCOUNT` WHERE `BRANCH_NAME`='REC' GROUP BY `CUSTOMER_NAME` HAVING COUNT(`ACCOUNT_NUMBER`)>=2;


--Q25
WITH BRANCH_TOTAL AS(SELECT `BRANCH_NAME`,SUM(BALANCE) AS TOTAL FROM ACCOUNT GROUP BY `BRANCH_NAME`)
SELECT `BRANCH_NAME`,TOTAL FROM `BRANCH_TOTAL` WHERE TOTAL>(SELECT AVG(TOTAL) FROM `BRANCH_TOTAL`);

--Q26

UPDATE `ACCOUNT` SET `BALANCE` = 
    CASE 
        WHEN BALANCE>100000 THEN  BALANCE*1.06
        ELSE   BALANCE * 1.05
END;

SELECT * FROM `ACCOUNT`;

show tables;
desc 



